,Common_growth_component_median,Recession_prob_filtered_median,Common_growth_component_mean,Recession_prob_filtered_mean
1950-01-31,,,,
1950-02-28,,,,
1950-03-31,2.217694149022093,,2.216659539462899,
1950-04-30,3.057981955887883,3.423103843554666e-05,3.056302357066307,0.00019740150186264407
1950-05-31,2.3043848104155042,1.411329841141506e-05,2.298771633598182,8.193497754588176e-05
1950-06-30,2.8220460239603185,2.7028400113106758e-06,2.818879192385506,1.8851398043465338e-05
1950-07-31,3.0873657950412596,1.6722008722908076e-06,3.0895873167739656,1.3035408726865405e-05
1950-08-31,3.6641272130571094,4.450257608587272e-07,3.6600064134126407,4.049622732086533e-06
1950-09-30,-0.5864469814685251,0.02447562056114821,-0.5928466488812341,0.07193340223550855
1950-10-31,0.7292012304760458,0.0008888321259458674,0.7287937418670197,0.005107203847022842
1950-11-30,-0.09994180653671125,0.002692962713673011,-0.09954297481125084,0.010727588520431855
1950-12-31,0.8989669073644136,0.00022467157220443934,0.897062516925497,0.001188556093755089
1951-01-31,-0.12520600655327524,0.0026228818300741714,-0.131093164395686,0.010424561945482183
1951-02-28,0.7300462578216431,0.0003213580591005709,0.7270871021307669,0.0015475967477261423
1951-03-31,0.5129603903894377,0.000520616823428663,0.5085329905696311,0.0022428383405067582
1951-04-30,0.1531051553481398,0.001206002281745837,0.1486776858030401,0.005244322462075346
1951-05-31,-0.5582539114025138,0.006510649392038826,-0.5637779298380025,0.026604097489488887
1951-06-30,-0.6840667829539246,0.010358005593764801,-0.6999750749141028,0.04685713560562979
1951-07-31,-1.5511419029703328,0.08404743020150027,-1.5905449809353756,0.1998411751090366
1951-08-31,-1.126387958540904,0.0799740044701486,-1.1525100861935977,0.21235660583657923
1951-09-30,0.29729613062378024,0.0050824938295402355,0.29461303413231305,0.03412019794132636
1951-10-31,-0.079961279414869,0.0036956138773366386,-0.08637678383665763,0.02046804552272408
1951-11-30,0.553207763519703,0.0005786148947654216,0.5569210613240975,0.003874059664811666
1951-12-31,0.39418742120197753,0.0007036158527916121,0.3893138159405154,0.0031423986838972906
1952-01-31,0.5858105603093462,0.00041265713952961234,0.5865259357053808,0.0018809494938041692
1952-02-29,0.6268833635864661,0.0003797291042223522,0.621272617807286,0.0018090797962160678
1952-03-31,-0.22056337569914802,0.00300006751463529,-0.24196102861935462,0.017243499715530842
1952-04-30,-1.4125264802406212,0.052884121435865655,-1.4464132649891008,0.16099849932798502
1952-05-31,-1.303282682198438,0.09581605315657438,-1.3146064941856659,0.25146639668774534
1952-06-30,-2.098101789897478,0.524572646273658,-2.0967417926649308,0.5131199680733075
1952-07-31,-2.291703020105232,0.877108665931531,-2.295690747640229,0.6903314005501076
1952-08-31,6.1392863794767045,3.383437105586929e-08,6.137279224108521,1.287173240415738e-06
1952-09-30,3.401382635192835,3.0371574229745477e-06,3.3992230385849047,2.431986615535202e-05
1952-10-31,1.4003770615249886,0.0001526117750059763,1.404951667371418,0.0007305827429902831
1952-11-30,1.7863754210539593,2.708175104542822e-05,1.7817680011008852,0.00016076859578946007
1952-12-31,-0.40364994331629056,0.007061706536210773,-0.4085144105641029,0.025096569378967128
1953-01-31,-0.16361452327178747,0.0034868491341966037,-0.16302736772139398,0.01431647871890769
1953-02-28,0.4055910093937998,0.0007570012515360651,0.40676584504548113,0.0037953047596844943
1953-03-31,0.5408314427894241,0.0004699387319126669,0.5401968240646587,0.002144048955577107
1953-04-30,0.07883352808733328,0.0014356744297437326,0.07949021665104063,0.005840996455333912
1953-05-31,0.2979247628614917,0.0008286181355449052,0.296760988794106,0.003641491205749534
1953-06-30,-0.5334578761190119,0.006282250482707008,-0.5415234305039381,0.02344374892146504
1953-07-31,0.6288810033803822,0.0004862552943722328,0.609360946067258,0.0045776499355046395
1953-08-31,-1.4434301492983872,0.06365302503890588,-1.4168190809181422,0.15876041216582037
1953-09-30,-3.144740414628294,0.883206282670612,-3.13841606987102,0.7897657052673056
1953-10-31,-2.0199396447928595,0.90138153732644,-2.0151868091659106,0.809123039267581
1953-11-30,-3.738808072573683,0.9987079649662354,-3.7383022450767256,0.9923662254462757
1953-12-31,-3.1833020712883857,0.9975007353072622,-3.1839132603545806,0.9907216718099189
1954-01-31,-2.416152051117203,0.9868692213481095,-2.403922913514081,0.9457959506781396
1954-02-28,-0.9383066572391181,0.6925847978566149,-0.9354584499264613,0.5970435001278261
1954-03-31,-0.6987132029751119,0.3346653596467265,-0.7254435759248699,0.41233785568276665
1954-04-30,-1.3201052430512532,0.4016833822822605,-1.349410036654865,0.4592157040186663
1954-05-31,-0.07249710470884427,0.041852252085241445,-0.09286964801462692,0.17431383933835065
1954-06-30,0.05608512768630054,0.007505940460626577,0.04680505429746204,0.0632004258229406
1954-07-31,-0.42365095818627563,0.008784464102117999,-0.42660566202289674,0.05802019973607008
1954-08-31,-0.42196715476634217,0.007418080707326988,-0.4236145569020447,0.045757473688001794
1954-09-30,-0.10291501855318017,0.0032736298087612066,-0.10876275597808366,0.021812386240993232
1954-10-31,0.8714231509374215,0.0002547646050084368,0.8688973816597326,0.002638578803854521
1954-11-30,1.525235726382843,4.42012731568137e-05,1.5243170636840677,0.00031975026602353696
1954-12-31,0.7043154737146344,0.0004043182584690082,0.7042474049744294,0.0017974679042072389
1955-01-31,1.5027657252760527,4.6315409364582054e-05,1.4938561726592983,0.0002789691027582915
1955-02-28,0.8356035529150053,0.0002897577948996631,0.8330141950187984,0.001391788931067616
1955-03-31,2.0041370276559842,1.3600564949829492e-05,2.001562564564834,7.863548105531709e-05
1955-04-30,0.8642171295902098,0.0003261850589378897,0.8662579086509312,0.0014800806941178317
1955-05-31,1.6837639009840393,3.0347951982301027e-05,1.6846615003214929,0.00016511225411915158
1955-06-30,-0.14133175747588356,0.003509900682438079,-0.14372093202531586,0.012774605212851597
1955-07-31,1.0440023075622233,0.00017082268414987878,1.0460490797811248,0.0008770090267383755
1955-08-31,-0.3646938876279908,0.004944319776396909,-0.3679483359810194,0.018119070352166863
1955-09-30,0.2963094455686691,0.0010497267111969208,0.2966575312594183,0.004575330223419243
1955-10-31,1.143121801168634,0.000111047149092986,1.1394354038604004,0.0006283997026909241
1955-11-30,0.49028057239012507,0.0006014980473421556,0.490908267735155,0.0025924012038804505
1955-12-31,-0.3694522593725283,0.004409757828561565,-0.3702046688783862,0.015483530030821318
1956-01-31,0.570752744256253,0.0005181872906165968,0.5666878987739287,0.0024673558402927794
1956-02-29,-0.986882064426676,0.020271036464604184,-0.9940078439580569,0.06007658521728738
1956-03-31,-0.31255190726698506,0.00657874804966014,-0.3062371245462182,0.0264519710956241
1956-04-30,0.6387476321209126,0.0005380068444886647,0.6361631222939027,0.0035345621308601085
1956-05-31,0.9354187974990372,0.0001877906177487594,0.9313984541317996,0.0012396446764666841
1956-06-30,-0.8440529693098424,0.015958445696092553,-0.8751011664445144,0.07283208760920379
1956-07-31,-4.104791447088537,0.9805976401092935,-4.064517688400339,0.9101830630363419
1956-08-31,3.6730799503866582,1.070549447561265e-05,3.6718711581857213,0.00013027659395560778
1956-09-30,1.3375966902486556,0.0001987656316527254,1.3347495633951485,0.0011031396112541158
1956-10-31,1.0065304497523786,0.00019191487484838873,1.0046366764310766,0.0009136207761479162
1956-11-30,-0.7487444654867654,0.012851379166266903,-0.7555149957332823,0.040710634803965966
1956-12-31,0.2891661181711733,0.0014536888357130377,0.2882438850045948,0.006822229830201242
1957-01-31,-0.3335380865789419,0.004256809030746413,-0.3340857570124822,0.015970938057531258
1957-02-28,0.4964428294637895,0.0006019916638533361,0.5003578788509948,0.0032165858734178126
1957-03-31,-0.5267973785539364,0.006586937670169286,-0.5348010817664322,0.024196893209689246
1957-04-30,-1.323455595976324,0.04550631166489469,-1.331366016312292,0.11442775131180649
1957-05-31,0.5858762449630659,0.0013880703045988422,0.5941640609129701,0.009426983692688561
1957-06-30,-0.11764499129985942,0.0029434155407361984,-0.12204233375210279,0.012909045701533613
1957-07-31,0.5065382608746212,0.0005662544246733783,0.49956932889442096,0.003848603329293319
1957-08-31,-0.4800855670831941,0.005852093501745089,-0.5231416414625211,0.037188857269049455
1957-09-30,-2.0456416126476933,0.23482094687473518,-2.014603767090482,0.3196811031872321
1957-10-31,-2.754201020334385,0.8690485393055123,-2.7511265842893105,0.7647492436892862
1957-11-30,-3.7531281433113812,0.9979467488513807,-3.7544701421364786,0.9871913097692112
1957-12-31,-2.8426927719963944,0.9938952523577383,-2.8495983793594104,0.9794593113390809
1958-01-31,-2.961451956794262,0.9965757032098703,-2.96075552646031,0.9876316463487621
1958-02-28,-4.129833584448455,0.9998129198059904,-4.133099955343267,0.9992015982711553
1958-03-31,-2.34064737244071,0.9782294544090886,-2.333537473976246,0.9307242705013654
1958-04-30,-2.687658154084335,0.9924980750270148,-2.6699376331121525,0.9640833948596698
1958-05-31,0.687494716043128,0.03513777206842808,0.6845706954052033,0.1019226673189655
1958-06-30,1.3732831417842326,0.0004460486191661816,1.3639351791209582,0.005517363334527438
1958-07-31,1.300382664600426,0.00010925298868480051,1.2941154725341022,0.0008377578500614035
1958-08-31,1.489096379993636,5.4048601704814976e-05,1.486374012439074,0.0003112236274136797
1958-09-30,0.4124021530225131,0.0008202307262355175,0.41596983876488763,0.0034280226652769062
1958-10-31,0.602191537856305,0.0004011625454104098,0.6083062214809626,0.0018697878766452103
1958-11-30,2.160876668955374,8.647932019662389e-06,2.165596183101453,6.163920757962825e-05
1958-12-31,-0.214332131999452,0.005157614158368965,-0.21574943939173016,0.018465943967563563
1959-01-31,1.3931245121605471,9.000563423297414e-05,1.3901804123171992,0.0005237086504073057
1959-02-28,1.3092985381189646,8.646825133466131e-05,1.3049741133798416,0.0004670536812353392
1959-03-31,1.4000919136636734,6.539445543621625e-05,1.4015844903153833,0.00029998812131094046
1959-04-30,2.030080673735191,1.3781986219096408e-05,2.027266644096487,7.83890059500582e-05
1959-05-31,1.6507986421313343,4.4472326912140394e-05,1.6554247901175565,0.0002174860781036951
1959-06-30,-0.13565648321231927,0.003528659119365894,-0.16637964724587095,0.018649975803071397
1959-07-31,-2.575934947103142,0.5048383380689698,-2.5472269878695593,0.5010851739215433
1959-08-31,-4.073900886070179,0.996165441376654,-4.072941411739616,0.9768418124377485
1959-09-30,-1.5364996756531593,0.8487520185912487,-1.5220717201607281,0.7165230820107052
1959-10-31,-1.1680755382790342,0.6643225726223243,-1.1916637900734535,0.5850265763911517
1959-11-30,0.3980763794770392,0.03467782015877185,0.3931750566642812,0.10678655572008693
1959-12-31,4.9933998197976575,1.3968484248560857e-07,4.992731305607776,7.166827232971925e-06
1960-01-31,2.2741375235812864,3.1997873037726014e-05,2.2759222477434156,0.00017625621689418823
1960-02-29,-0.8412090408307713,0.02557782283754259,-0.8664491627810528,0.09119814737982947
1960-03-31,-2.0383489493155333,0.297740009680837,-2.05326485481595,0.3860378248581799
1960-04-30,-0.28402916256764565,0.03626732641844427,-0.3048120201991427,0.16826292243614574
1960-05-31,-1.018523445026048,0.0629989387226362,-1.0351711770662115,0.2339586320411282
1960-06-30,-1.5087000704998736,0.20507353660655522,-1.512950870088711,0.3550040883562178
1960-07-31,-0.8137976358674006,0.10409306418260941,-0.8119525874010814,0.2908697075585576
1960-08-31,-1.1906324025030204,0.18073194447376706,-1.186323373445667,0.3464470573765503
1960-09-30,-1.6033086959028928,0.4381824137100291,-1.5970807907080362,0.46140299819527236
1960-10-31,-1.2366537968390108,0.4339427427050249,-1.2257161473636602,0.44927975267318476
1960-11-30,-2.6561124131544984,0.936654275958979,-2.6492621216007035,0.795567827802406
1960-12-31,-3.5246919292811056,0.9977808259330246,-3.5225407455221496,0.9742988452628982
1961-01-31,0.06575486708761327,0.11189493433796294,0.03527157343990712,0.22578101181395507
1961-02-28,-1.1193260004290415,0.1675217865898887,-1.1464672009734251,0.30124761827945884
1961-03-31,0.8642515358004867,0.00279158352990853,0.8633156149180534,0.023524770063053462
1961-04-30,1.4938343713013273,8.958412544095024e-05,1.4965156997653457,0.001100164369188552
1961-05-31,1.4153302929518854,7.012271695103072e-05,1.4148727508845929,0.00036847286567413064
1961-06-30,1.4515455901075702,5.968759953886694e-05,1.4523904510675123,0.0002637771219006009
1961-07-31,1.0707942291014168,0.0001568069663865817,1.0679006355115679,0.0006938147960235475
1961-08-31,0.3452413578471064,0.0008362135186086275,0.34611607316070825,0.0033555766235297203
1961-09-30,-0.43828403348357164,0.0050110443204072,-0.4355654646964969,0.015499210369677144
1961-10-31,3.821707455588467,2.964995303543375e-07,3.8298054149825087,3.917315254710299e-06
1961-11-30,0.9118463900826337,0.0006027233824095496,0.9120964837135122,0.0026282709670801354
1961-12-31,0.4008440650347962,0.0007945896963751217,0.3983498349735071,0.003111636501504504
1962-01-31,-1.0976544889492685,0.02479318719258243,-1.0979130922919265,0.06469584290152738
1962-02-28,1.3006998105355714,0.00020193830882303347,1.2997520709858599,0.0012556141957101605
1962-03-31,0.6190925541433301,0.0004782672202063463,0.6192533199700095,0.0018909996726704003
1962-04-30,0.5667591090164446,0.0004418603382918413,0.5664775795519794,0.0017152682627458934
1962-05-31,0.02616334692128316,0.0016202744237817379,0.02902332648491458,0.005991101235189363
1962-06-30,-0.5993578312398702,0.007261290471448561,-0.5984127039573389,0.022164822919219382
1962-07-31,0.7438993357838866,0.00037643685442873806,0.7490714606714055,0.0018274789575422562
1962-08-31,-0.33739100765623087,0.004345940956860778,-0.33981314174275357,0.014762823848827846
1962-09-30,0.3154350978589422,0.0009480926381585678,0.311026354467815,0.0038803652407656715
1962-10-31,-0.14784588863264242,0.0024571993918139664,-0.14903524714663038,0.008641282246011467
1962-11-30,0.1540456618414156,0.001219024203460649,0.1522287243613549,0.00472427025379978
1962-12-31,-0.18492233177137174,0.002675471647893249,-0.18768873580082077,0.008968263787473776
1963-01-31,-0.002418966983034291,0.001764013594025771,-0.00047571810235735683,0.006657479522249199
1963-02-28,0.7104887714668969,0.0003139525062941076,0.7027679533067577,0.001422746315272189
1963-03-31,0.5294231575695187,0.0004734131559212721,0.5345426188779324,0.0018554721760480296
1963-04-30,0.8967756764808644,0.00018961381864563586,0.8949123521120795,0.0008265848355928238
1963-05-31,0.8210605283964112,0.00024598007453625437,0.81855709100052,0.001027852597698651
1963-06-30,0.2874974690574319,0.0009019986539435057,0.2886391458171369,0.0033333796450550016
1963-07-31,-0.26438143241190426,0.0032460172966566753,-0.26449311956603855,0.01075774744132668
1963-08-31,0.8805360417029204,0.00022459840019385343,0.8849202391075608,0.0009882361389557778
1963-09-30,0.5660769858251135,0.00046689758570752266,0.5641972298604065,0.0018397580608012943
1963-10-31,0.4616716783339618,0.0005660401508857796,0.46466101289667155,0.002158321690185691
1963-11-30,0.34348862604273045,0.0007270938770378785,0.34418880360110254,0.0027596210299103306
1963-12-31,-0.029333611760454504,0.0018088711390711145,-0.029644463209066194,0.006244927256245111
1964-01-31,0.3171234195879715,0.0007918913882350154,0.3135279365194186,0.0032682196989559124
1964-02-29,0.8612516095031466,0.0002056236504415303,0.8659910719554931,0.0008681157672463506
1964-03-31,0.31344718916342756,0.0008494054072479549,0.31803862851349163,0.002503170694538785
1964-04-30,1.2923650462958969,7.020086324073784e-05,1.2903283419849083,0.0002609714826955996
1964-05-31,0.23767271245412266,0.0011692627362963229,0.23607232914866016,0.003385277937822583
1964-06-30,0.12627183908615303,0.0012236251999799739,0.13448945156158948,0.0033805197589965013
1964-07-31,0.7615208634541442,0.0002475293719808208,0.7654087992569726,0.000831161283698723
1964-08-31,0.43486224724947026,0.0006007575020633363,0.4324017531838682,0.0018629182066057254
1964-09-30,-0.2630859091766463,0.003150285876342469,-0.26527147497239545,0.008597076308703346
1964-10-31,-0.9260952418113693,0.015721279842841447,-0.9312858889618592,0.03662862931639316
1964-11-30,1.721750123942833,5.848793579211841e-05,1.7195620478219371,0.0003304364573229116
1964-12-31,1.545089554344366,5.307870300050644e-05,1.5497312765357116,0.00018777787942910357
1965-01-31,0.8290786499754061,0.0002956748882996028,0.8280381933268408,0.0009385637432852782
1965-02-28,0.6409899389728717,0.00037974870482045586,0.6411465502760787,0.0011675863503800463
1965-03-31,1.025079428016387,0.00013572127774973665,1.0257156407047174,0.00046396039823055234
1965-04-30,0.054734434630096675,0.0016912469594696044,0.05506364435564161,0.004891932433840352
1965-05-31,0.6872063140344962,0.00031777058723982175,0.688089390041296,0.0010452289020973797
1965-06-30,0.2830778244062385,0.0008736663885514676,0.2809929995738029,0.0025639580435793865
1965-07-31,0.8618556414323124,0.00019715161015802923,0.8588221921077658,0.0006611865500942007
1965-08-31,0.27168211178802437,0.0009455588103427098,0.2685245735569595,0.0027545313799269213
1965-09-30,0.17563663486984854,0.0010734053519893796,0.1782021775891927,0.003091783594370029
1965-10-31,1.381758497676826,5.615102509509516e-05,1.3816444426191845,0.00021461710114643062
1965-11-30,0.7714809576702341,0.00031694528676150246,0.7736501964410439,0.0009903485694412655
1965-12-31,1.6172724820401763,3.2840811741946546e-05,1.6212548612140059,0.00012473108861447345
1966-01-31,0.6689598380079007,0.0004509827618079714,0.6676807524384916,0.0014128497170863637
1966-02-28,1.1180077268882755,0.00011324593334474198,1.1176168367395773,0.00039136783623743894
1966-03-31,1.1937393746458755,0.00010088689305912127,1.1952612888342546,0.0003480680098823349
1966-04-30,-0.26146698409863833,0.003872125631048506,-0.25388670622871834,0.010230254803474987
1966-05-31,0.36807615086371037,0.0007864882725439326,0.3689737226937313,0.002440410179067285
1966-06-30,0.5173791618407629,0.0004678366785427579,0.5162851878588478,0.0014683185525395822
1966-07-31,0.6505771356659946,0.0003307113921690875,0.656204915288333,0.0010468767632330713
1966-08-31,0.5866470515071727,0.0004005646848024596,0.5909900666399791,0.0012149356317958675
1966-09-30,-0.43736373641594717,0.005104129146151959,-0.4416776707910629,0.0135929843517322
1966-10-31,0.4057104672000816,0.0007277564222728892,0.4038550932854895,0.0025055207292749705
1966-11-30,-0.29611112860704747,0.0035136126112527916,-0.29780395412861377,0.009536279460852372
1966-12-31,0.159368409583933,0.0012007239673025604,0.16399200713311918,0.003563902244557467
1967-01-31,0.5177120551434073,0.0004539532004649777,0.5215656099867237,0.0014606058936728894
1967-02-28,-1.635548019176029,0.08663889536064641,-1.6438192512420935,0.15750825256761805
1967-03-31,-0.8342885264120437,0.044682092967189016,-0.8388967504515723,0.1070691358579617
1967-04-30,0.04227966814847513,0.0053691044987484015,0.0433809424997387,0.025008669525039905
1967-05-31,-0.808141097327104,0.016817604347276742,-0.8070619433935868,0.04723641451683436
1967-06-30,0.42729774478011096,0.0011353464703090107,0.42600867360755235,0.005644105332455298
1967-07-31,-0.04983164461936921,0.0021331254949181434,-0.04734231414377877,0.006589302670555502
1967-08-31,1.367939564975526,6.423805465901998e-05,1.3684603305518874,0.00028863039709573683
1967-09-30,-0.29817059477422625,0.004600910985428026,-0.2979234862382801,0.012118209497918279
1967-10-31,-0.11023581358126323,0.0025126321692504508,-0.10912032000102914,0.007249313746767132
1967-11-30,1.922410649520958,1.7777123114101544e-05,1.921963651192439,9.431583676699564e-05
1967-12-31,0.8531793321157333,0.0003209209670351814,0.8535183124955822,0.0009827519647089681
1968-01-31,-1.0275837222755264,0.02365588224636814,-1.0319674682033853,0.05325577960366947
1968-02-29,1.393533367101258,0.00015390983628757183,1.3936739292881222,0.0007111816462609084
1968-03-31,0.22162206837834125,0.00131970398146764,0.22039823360224292,0.003750862071167628
1968-04-30,-0.37358134702994694,0.004217983057807353,-0.371368984345846,0.011073606475462754
1968-05-31,0.8113918811862888,0.000270054570208923,0.8089069671960382,0.0010090202794080076
1968-06-30,0.44998303141265694,0.0005854772921134152,0.45292825709383133,0.0017821192295005613
1968-07-31,0.3529036761464376,0.000707139992149328,0.3498992166820243,0.0020484256951292246
1968-08-31,0.3259757657354232,0.000740213725533578,0.32553358936022075,0.002167579881918184
1968-09-30,0.06529578972770718,0.001364220718233221,0.06746548193674798,0.0039073409383748965
1968-10-31,0.07073715304796063,0.0013643984352145438,0.06569021874806291,0.003931663668585321
1968-11-30,0.7468104712663548,0.0002606762820779718,0.7485006792899205,0.0008907993526554632
1968-12-31,0.5397194782697823,0.0004626241045824471,0.5390097269258405,0.0014104768451492038
1969-01-31,0.9676025838414314,0.00015350640298114181,0.9653812315654601,0.0005252552099327037
1969-02-28,0.5797221706494763,0.0004435214028283668,0.5805366403049926,0.001370074425210634
1969-03-31,0.3673598438746692,0.0006873704586625835,0.3671375804665342,0.002104620853864908
1969-04-30,-0.03021921258872864,0.0017677275660447401,-0.02963068993361875,0.0049185726993164775
1969-05-31,0.0986045118401172,0.0012676650594917946,0.09676133768284037,0.0037276079392572223
1969-06-30,0.027840833523209305,0.0014996285323146939,0.030330913356313008,0.004394197874848023
1969-07-31,0.6690484153337171,0.0003181071746842852,0.6722816765810847,0.0010527843423343362
1969-08-31,0.09863737403438906,0.0013582079786089696,0.0976089116252462,0.0039001429650172103
1969-09-30,-0.3203363328485498,0.0035077679652597404,-0.32141716046839053,0.00965134151856114
1969-10-31,-0.06107737973372935,0.0019863469380164735,-0.06104503390640953,0.006249850255568142
1969-11-30,-1.2736549597816196,0.034990892727317285,-1.2835187944435065,0.07863950224496506
1969-12-31,-0.08744344628404141,0.004705678949380724,-0.09139523453394677,0.021969529022009368
1970-01-31,-1.782879270294539,0.13205711088343414,-1.7907280528325038,0.22021675315165123
1970-02-28,-0.2989833049890177,0.018516347496076037,-0.3089148507334842,0.07884451636618423
1970-03-31,-0.18883781529255783,0.005894729198084251,-0.19382214242075665,0.042798824855826985
1970-04-30,-1.3271556786849141,0.05197748790925568,-1.350801933929254,0.14967811105284928
1970-05-31,-1.1925039445010626,0.06700141072241204,-1.2046331234842464,0.20074462301008167
1970-06-30,-1.1361877183847822,0.077459418449739,-1.1482902523213898,0.23271909484114606
1970-07-31,-0.38313437944720025,0.017976210572857955,-0.40347842405720025,0.14213916486871891
1970-08-31,-0.8931250140912095,0.033499653608755675,-0.9028424504047993,0.17087318809926427
1970-09-30,-1.7863812066586386,0.2609378934391092,-1.7900597702060947,0.36803211603716585
1970-10-31,-3.0214075373654232,0.9437574888643641,-3.014130602344473,0.820336766288937
1970-11-30,-1.3839785508200064,0.7471835258967048,-1.3988452831276244,0.647058349224948
1970-12-31,2.283000825426557,0.0005412355940057026,2.2866787280316383,0.0030210274051597264
1971-01-31,0.7013926960343879,0.0006574323460369208,0.7017710445077858,0.0022035511620357114
1971-02-28,-0.4666035994091479,0.005974680413146616,-0.46734267681560976,0.015278576074628838
1971-03-31,-0.15942783980964523,0.0029202463125357373,-0.1593143536830796,0.008229904774898369
1971-04-30,0.49432058990906136,0.0005276340715518635,0.4954051611243886,0.0018568495362581484
1971-05-31,0.29593331342467516,0.0008310569364181262,0.2956969740470891,0.002440228048709374
1971-06-30,-0.1672709164352223,0.0024387217086000957,-0.16814978970533717,0.006769381704968154
1971-07-31,-1.1051990740828659,0.02341036120288218,-1.1110644198095814,0.05249359576326127
1971-08-31,-0.20295478321267738,0.005049973695758111,-0.19892523581758417,0.01625790403943489
1971-09-30,0.9933610273808549,0.00020607549525359793,0.994974455131919,0.0009833169706621222
1971-10-31,0.5031618109572189,0.0005555424594912817,0.5087219842092915,0.0017299098360161961
1971-11-30,0.5209633257021752,0.00047147710354890197,0.5204318740586552,0.0014613609472703987
1971-12-31,0.8317484722148734,0.0002139044681818756,0.8325876431895838,0.0007014207895623413
1972-01-31,1.7831128950135686,2.149615485672052e-05,1.7833491938338117,8.912718195246502e-05
1972-02-29,0.8925858558388069,0.0002729444370856206,0.8935069455263026,0.000860492911844037
1972-03-31,1.0488810914519755,0.000139477919549327,1.0519186314797,0.0004504494564680952
1972-04-30,0.9838579405183684,0.00016837672466070503,0.9828040425413336,0.0005631794678532613
1972-05-31,-0.006630046625084367,0.0019438331838162364,-0.004773251829118338,0.005299494891957146
1972-06-30,0.17691312891111263,0.0011015358525727995,0.17905769148237688,0.0031679088119737505
1972-07-31,-0.2806629080770001,0.0032520400849710765,-0.28155843566359184,0.008567959530844615
1972-08-31,1.1702955168732938,0.0001069601826594644,1.1698219639586658,0.0004192775742142188
1972-09-30,0.7763486055184712,0.00029413983349118624,0.7754529066883009,0.0009437754503061968
1972-10-31,1.8613006711908011,1.7638732777068756e-05,1.8640258759924182,7.516869607370968e-05
1972-11-30,1.172664419196385,0.00014051083151990533,1.1763053669203452,0.00046494715411855245
1972-12-31,0.28220303745285635,0.0010352442358341541,0.2792561672570267,0.0030011174575098063
1973-01-31,0.6932886320708862,0.00030449657392578257,0.6968537397935656,0.0009583848221662416
1973-02-28,1.7327296200349267,2.3843118535870215e-05,1.7310682514507505,9.92721173953396e-05
1973-03-31,0.48145774793018736,0.000758291227283724,0.4808378974315142,0.002215254086750209
1973-04-30,-0.01171766010090773,0.001813194346790709,-0.013933900144468693,0.004957755261585027
1973-05-31,0.3173168612836734,0.000773463969439252,0.31180168024743643,0.0023382754587395927
1973-06-30,-0.024522686073881618,0.001717887505004809,-0.024796757531499857,0.004848839686938861
1973-07-31,-0.037343631604928845,0.0017793717640900188,-0.03668179392176786,0.005098253590715798
1973-08-31,-0.24270041923600716,0.0029218727238138234,-0.24140247485756433,0.00802427399721408
1973-09-30,0.4429137196758928,0.0005974296129901053,0.4389021327296216,0.0019507640785670032
1973-10-31,0.7410664035867969,0.0002714707825401651,0.7387244336590317,0.0008837591230923238
1973-11-30,0.8104701319266252,0.0002323710606851998,0.8148409267401414,0.0007436007636330191
1973-12-31,-0.6789496761545712,0.009633571787787766,-0.6832498714859517,0.025653125459273087
1974-01-31,-1.6592054954486333,0.09733536197133236,-1.6650673933149633,0.1689065205472378
1974-02-28,-0.18278649771781974,0.011935850083924792,-0.181064065553288,0.04347861046814517
1974-03-31,-0.7360636919114003,0.01753186837996356,-0.7437624117462446,0.055083788611591765
1974-04-30,-0.9638728079088559,0.027423780087123824,-0.9670993505857068,0.07923450101702165
1974-05-31,0.6854246038387481,0.0008281049305698513,0.6840285541000355,0.007373603365092177
1974-06-30,-0.1670208502273971,0.00300598804648868,-0.16869401988206242,0.011412982521682815
1974-07-31,-0.5014383820281617,0.005776167176213381,-0.515088634660643,0.02143273664435282
1974-08-31,-0.9180958546578264,0.0163560301557371,-0.9282144779743832,0.0541585328793448
1974-09-30,-0.8482139259298032,0.019141082851593733,-0.8612024834379356,0.07330889288034698
1974-10-31,-0.7518412914465475,0.01802165642291236,-0.7544264993304828,0.0798813962977103
1974-11-30,-3.3674957151245897,0.9039128811925082,-3.3681440520106207,0.8344394893735212
1974-12-31,-4.70700236132423,0.9997778863120705,-4.7111514754199275,0.9989931937830825
1975-01-31,-2.80897818105628,0.9914040943462127,-2.814614076337011,0.9774439050616974
1975-02-28,-4.071294207031832,0.9997611353867488,-4.077070273491705,0.9992963518451269
1975-03-31,-1.6885691155889342,0.9022728041499619,-1.6748920844686628,0.7985770604772208
1975-04-30,-0.5377601037678619,0.3786941073094889,-0.5571698134728003,0.41642276856098004
1975-05-31,0.15949803203079888,0.036109996035291324,0.15901490121685277,0.10076155312469783
1975-06-30,0.7385769354393189,0.0014297931018010172,0.7422463181484067,0.010552219400128864
1975-07-31,0.49065876922882945,0.0007199230043675813,0.4884994627603226,0.003447596060267373
1975-08-31,1.9131940308124515,1.6274360976991615e-05,1.9169300587188352,9.629586720961076e-05
1975-09-30,0.9454825160645666,0.00025232562729192947,0.942855762570656,0.0008153422188087718
1975-10-31,0.5027976509313745,0.0005471665879437605,0.5043607114791446,0.0016322162935150763
1975-11-30,0.23871130613311453,0.0009261646400073797,0.24063683979301728,0.002742894721952963
1975-12-31,1.4526462298079643,4.739892469686303e-05,1.4517427947262231,0.00018329769535323876
1976-01-31,1.5726840075839656,4.3216207837660427e-05,1.575714133451839,0.0001614643802583098
1976-02-29,0.8399676345895448,0.0002902148743218544,0.8408192123942062,0.0009011556786507338
1976-03-31,-0.4012016766029628,0.004988506315492612,-0.4021798681560718,0.012935433077218937
1976-04-30,0.6810255361182731,0.0003925201425449696,0.679168389240878,0.0013609044457478434
1976-05-31,0.29778396662256007,0.0008500991544237122,0.2999683156123035,0.0024982160328174802
1976-06-30,-0.10869608526761118,0.002143397366374271,-0.11066215648516356,0.00587185532846385
1976-07-31,0.43902041261561686,0.0005621803564830626,0.44104738968340507,0.0018284219806186917
1976-08-31,0.32389744598020254,0.0007428776529072563,0.3240362177683207,0.002262473369464621
1976-09-30,-0.028226042168863225,0.001739894886907888,-0.026714722790225378,0.0048919250220006314
1976-10-31,-0.3677121981436454,0.003925684300953213,-0.3670275870991256,0.010427900114839735
1976-11-30,1.0070016035291092,0.00016275568257249939,1.0105668985791791,0.0006368121916799094
1976-12-31,0.867514836977477,0.00022326543432806114,0.8696503150085313,0.000731306306807365
1977-01-31,-0.43555881829283827,0.0055254753753055,-0.43858426211968254,0.014438410530672614
1977-02-28,1.6938906547967245,3.867117633017726e-05,1.694436995602188,0.00018231120512142838
1977-03-31,1.3424128687981005,8.681104884735577e-05,1.341230429202478,0.000301735220564351
1977-04-30,1.081921642445366,0.00014633539909120273,1.0801790497966117,0.0004975286480070805
1977-05-31,0.7689711128674744,0.0002922948283883754,0.7683180500724848,0.0009437072455481024
1977-06-30,0.6425028829110833,0.0003570864902798169,0.6466119771335128,0.0010999347199034282
1977-07-31,0.39711279277206124,0.0006478331989383313,0.3993708446876436,0.001931235631493767
1977-08-31,-0.012031536505519622,0.0016841630100866225,-0.011170829113365387,0.004738819417871846
1977-09-30,0.6298667672581932,0.00034986546731706616,0.6324575683269699,0.001137281324910521
1977-10-31,0.6271291390399752,0.0003620818999519796,0.6288683424769346,0.0011307728249654095
1977-11-30,0.5269044962451488,0.0004726788563683656,0.5301906770486904,0.001391210970975705
1977-12-31,0.17302405484392933,0.0011033018157453284,0.1689889953680613,0.0031900353822559508
1978-01-31,-1.7122682574857562,0.09808415363999118,-1.7242566191914515,0.16451482378108107
1978-02-28,0.837165529339136,0.0013542507097360642,0.8386935011888798,0.005442523737366537
1978-03-31,2.4090284956465284,6.800182826995765e-06,2.41340758447628,4.196766712717606e-05
1978-04-30,2.627377502546975,4.474583388198357e-06,2.6285687140742526,2.116367379295069e-05
1978-05-31,0.18845765108225812,0.0022820228542344907,0.18811204963574454,0.006460369920651756
1978-06-30,0.7347967446474937,0.00032964087487507876,0.7364973008816161,0.0010370040133327748
1978-07-31,0.21131732477516635,0.0010634789943489511,0.21218427182351032,0.0030016440169168207
1978-08-31,0.24010979238983501,0.000904217434563907,0.23835349843424655,0.0027189396980949266
1978-09-30,0.021395784361245132,0.0015338927106112767,0.02162291211119779,0.004338368981459083
1978-10-31,1.0179269719463961,0.0001372517565768825,1.0194411153917036,0.00048096584607580867
1978-11-30,0.9040460659262688,0.00020107641879470308,0.903337773838347,0.0006604012260752474
1978-12-31,0.6026128568342919,0.00042335008308668387,0.6035175728634777,0.0012756000799594366
1979-01-31,-0.3651946174311358,0.004212268716468206,-0.3626084818365521,0.011188936180932257
1979-02-28,0.5062342016720001,0.0005499793081870004,0.5113522559061996,0.001802877835509147
1979-03-31,0.8011520730757236,0.00023539822903729076,0.8004765216149087,0.000792265670921915
1979-04-30,-2.237418726358186,0.32512066481509294,-2.2658989832934067,0.3835717494912864
1979-05-31,0.7090905474143385,0.004986963045893585,0.7047174464009479,0.016265857691671232
1979-06-30,0.39713256557560217,0.0012003170350953565,0.39578723137284505,0.004274168955920838
1979-07-31,-0.16974781529111832,0.00277819632441709,-0.1745269982693125,0.007918918412994096
1979-08-31,-0.5928897016443193,0.007205326589483228,-0.5935535959763829,0.018323161521355
1979-09-30,0.625782210257696,0.0004821216517502901,0.6266627483941486,0.0017416068309883258
1979-10-31,0.10042385216417948,0.0013812924759259177,0.09778907793233964,0.004127801878662581
1979-11-30,-0.13831970877544547,0.0023024202503701303,-0.14071492605922126,0.006457417499995956
1979-12-31,0.31316161985560326,0.0007911685219502433,0.3116925765389459,0.002475994377318336
1980-01-31,-0.022622187172506435,0.0017369100554558343,-0.023988431045452566,0.005352755135757546
1980-02-29,-0.4419387901824766,0.004756162378629462,-0.45793341004517946,0.01652527762846206
1980-03-31,-1.6041269919310115,0.08346697931468569,-1.5971888842796484,0.15376941990570853
1980-04-30,-3.3169436178466585,0.9179927814002009,-3.3176276969549323,0.8522283633492928
1980-05-31,-3.30566170457593,0.9954621167085871,-3.3095624133489667,0.9843331942047121
1980-06-30,-2.196482775758688,0.9746599061608863,-2.195067314097469,0.9394327427507174
1980-07-31,-1.8904174609950197,0.9558958788498548,-1.8756447220945183,0.8894464495756162
1980-08-31,0.7364671079792114,0.03497936058063042,0.7364265429608166,0.08308156166247481
1980-09-30,1.9478727962452889,0.00012048237667162305,1.9501050364248507,0.001112465268771461
1980-10-31,1.3074593152335994,0.00011221761960114281,1.3075681310628293,0.0004323787265370747
1980-11-30,1.3047608553326364,8.432724576269293e-05,1.3005263588194962,0.0003032029860551087
1980-12-31,0.5712080872839549,0.0005117051027265017,0.5744304888617926,0.0015182784402030223
1981-01-31,0.24587712571224035,0.000939276181916396,0.24670702797337724,0.002714828117957071
1981-02-28,-0.3884561568654908,0.004264072682673572,-0.3943502194055431,0.011144156877938906
1981-03-31,0.06603490950878875,0.0015290474130352917,0.06650787852214823,0.004592477640445891
1981-04-30,-0.7288538631795666,0.009604692538441234,-0.7294122265425401,0.024045603332768138
1981-05-31,-0.3813950793907289,0.00534093667479579,-0.38368319111953775,0.016001323279498363
1981-06-30,-0.0319473994333731,0.0021395382232015136,-0.03011707878905118,0.007240875162020241
1981-07-31,0.8601075007092032,0.00021588247892837098,0.8598018067300007,0.0008794320271100586
1981-08-31,-0.30712547321880335,0.003953227460145536,-0.31973715876920383,0.0134464931608667
1981-09-30,-1.3369178191583821,0.04502806427052834,-1.3508548011112915,0.10607946192521692
1981-10-31,-1.501227249440142,0.12805114387035138,-1.4953881188695433,0.2262936214747226
1981-11-30,-1.7410548852146595,0.34830588408208685,-1.732471745928491,0.4022556433075039
1981-12-31,-2.3114272382635184,0.817767216990994,-2.311707793088937,0.7114783958033232
1982-01-31,-4.079076597621384,0.9989397164305951,-4.076447882083534,0.9913146464181251
1982-02-28,2.2698744793964085,0.00040126044831424637,2.2657809534250437,0.0032887558479519443
1982-03-31,-1.0531014589999932,0.047982260347447764,-1.0587464733482865,0.11020334987731356
1982-04-30,-2.1996741883463313,0.46019579092591567,-2.1964401168252814,0.4666623325145786
1982-05-31,-1.6702365449299719,0.6133923527535958,-1.6667612944708399,0.5483569048581933
1982-06-30,-1.4347077294533923,0.6502695269733848,-1.4305675543370087,0.5586811234374264
1982-07-31,-1.629555018335936,0.7786385580279485,-1.6235786171883386,0.6251843950277649
1982-08-31,-1.7277529109686238,0.8586423236067735,-1.725074827162873,0.6759341321688126
1982-09-30,-1.0580289395521572,0.6202261421928869,-1.0541986637200507,0.5320064399473998
1982-10-31,-1.8382914525479526,0.8448454153133869,-1.8396417916240586,0.6591294967406188
1982-11-30,-0.8873207837450803,0.45919920226267597,-0.9009375815962603,0.4585565047191161
1982-12-31,-0.4341070828789481,0.12388464535389233,-0.4367881658775294,0.23789089559596036
1983-01-31,1.5310323309625313,0.0006067241787209954,1.53400531621036,0.006247908594571522
1983-02-28,-1.5034937654673701,0.10773391931756068,-1.5141239581426311,0.17930134440243806
1983-03-31,0.8101459100904691,0.001689388839495157,0.8134112479240724,0.007229547153942165
1983-04-30,1.3251907804577079,9.592469589820934e-05,1.3297649715551123,0.00047585088411556867
1983-05-31,0.887716702946019,0.00023608557478216249,0.8898011303205462,0.0007641385441884956
1983-06-30,1.1408207030863728,0.00010996157655116065,1.142683245783676,0.0003676052693825851
1983-07-31,1.6654610222408017,3.104864924790313e-05,1.6660996124444005,0.00012148041316200528
1983-08-31,-0.8709367959477826,0.021419864575856665,-0.8723888124901844,0.05114927714003779
1983-09-30,2.581539017047282,1.1470867598372221e-05,2.5861957859399323,7.06946529268694e-05
1983-10-31,1.7720362647084777,4.1071294470307175e-05,1.776019740117072,0.0001556270965693089
1983-11-30,0.6633238402378381,0.0004813453789159747,0.664287694791648,0.0014714174876077684
1983-12-31,0.4704863000294178,0.0005607828520788891,0.46962742908092464,0.0016648230732999789
1984-01-31,1.3946010206644774,5.432888081830102e-05,1.398278206402247,0.00020580607758732264
1984-02-29,1.101516091987156,0.000139939172670216,1.1025496726970656,0.0004675551372908403
1984-03-31,0.16868438291922722,0.0013046200916583747,0.1740402150236685,0.0036516517814497813
1984-04-30,1.0358100648893669,0.00013714687456672264,1.03541263017377,0.0004674484515527395
1984-05-31,0.914735537569475,0.00019485298324494114,0.9196734387820457,0.0006440754735844007
1984-06-30,0.2984380660227913,0.0008865309746960601,0.297570036825715,0.002607745359413007
1984-07-31,0.39600737132636854,0.0006244809265100026,0.3974888013900332,0.0018666741135410806
1984-08-31,-0.08511339079879207,0.0020113464551835616,-0.08281673285603139,0.00552552301492393
1984-09-30,0.15621401794351295,0.0011089001739235807,0.15938861963259984,0.003242323662940172
1984-10-31,0.050197749912530516,0.0014031949650127186,0.051905798094423514,0.004016945383256223
1984-11-30,0.45219603623440663,0.0005372379222675268,0.45753008972111003,0.001650124696419686
1984-12-31,0.35510308713823857,0.0006928121322112532,0.3575827311742711,0.0020257877852120983
1985-01-31,-0.2505525072115711,0.0029796063130651824,-0.25084779492776554,0.008214650878469752
1985-02-28,-0.1716899963253949,0.0025602647144600246,-0.17014783127513103,0.007310777821559922
1985-03-31,0.4813602836741598,0.0005317008824227967,0.48125218977615297,0.0017371382091239144
1985-04-30,-0.39794733237685886,0.004443433002000417,-0.3953441433890296,0.011557828900562717
1985-05-31,0.7106320039812306,0.00033984936037494433,0.7135222045098011,0.0011812380752781793
1985-06-30,-0.15556845607916375,0.00258863986889269,-0.15360958438402972,0.006974327151151787
1985-07-31,-0.6287146593474859,0.00759022142801415,-0.6287976937169066,0.018975244533961117
1985-08-31,0.430888042253327,0.0007532272099437479,0.4348503220149746,0.0026990178389054093
1985-09-30,0.2601881436804442,0.0009100734243481124,0.25889732571184343,0.002769362747898487
1985-10-31,-0.03211858059009236,0.0017657410603558407,-0.028074259456890144,0.004938821217586704
1985-11-30,0.37455428271120017,0.0006605807559892361,0.3763674071019329,0.0020054603061601204
1985-12-31,1.1647893160460212,9.338489565856778e-05,1.165868269090837,0.0003374310471242844
1986-01-31,0.6389914314143708,0.00041058791459403757,0.6345360547444515,0.0012827797135989678
1986-02-28,-1.079546805873076,0.0248500018979001,-1.0850587531576734,0.054795045796002716
1986-03-31,-0.4892169384810112,0.010191699377709031,-0.49231990225662775,0.029240751699201796
1986-04-30,-0.13537257591301738,0.0035147157803224237,-0.1353373256325805,0.012189091497148372
1986-05-31,-0.18754288599332497,0.0029774739455214663,-0.18944493024225892,0.009676210958148001
1986-06-30,-0.6154142956135473,0.007665589708585222,-0.6161816601542938,0.020326079079896205
1986-07-31,0.5751127250458907,0.0005535402453768534,0.5726714765281619,0.0022500298261035863
1986-08-31,0.07678589152188885,0.0014741197618537588,0.07849674781880801,0.004235305420135668
1986-09-30,0.1536138667514116,0.0011408837239962684,0.1510723708417446,0.003320127957318542
1986-10-31,-0.13128297470419084,0.002181262199492511,-0.1322869944678578,0.006158353594777983
1986-11-30,0.47420149618261836,0.0005254129704647316,0.4739024410827246,0.0017158096236686495
1986-12-31,0.6355232826799504,0.00034547604239095007,0.6359336438039869,0.0011055066457199034
1987-01-31,-0.24468438680641966,0.003199327235718802,-0.249627782416834,0.008711005252343161
1987-02-28,1.2704447850619225,8.597138045557764e-05,1.2704812130711616,0.0003515381022043885
1987-03-31,-0.16322429098682772,0.003159375028814854,-0.16291556660050713,0.008531686440752684
1987-04-30,0.27982897887706115,0.0009412649460912205,0.27943692749647603,0.002844154592412435
1987-05-31,0.12031725844328814,0.0012266716367125845,0.12230056938226784,0.003739671707483732
1987-06-30,0.23721250623817747,0.0009076471298245116,0.2358500610529615,0.0027017694673482184
1987-07-31,0.4988219958342012,0.0004680812890177371,0.4991650338470323,0.0014948613448165836
1987-08-31,0.8209566315323056,0.00022166476216265514,0.8218227855955482,0.0007216043143629785
1987-09-30,-0.12030192977436811,0.002439414704879922,-0.11972451975092568,0.006605619641182408
1987-10-31,1.2171464828445682,9.224402051922275e-05,1.2176666219840482,0.00036937512652517057
1987-11-30,0.45463782850816825,0.000660697760170283,0.45627059128823755,0.00202811717446947
1987-12-31,0.34558225458329384,0.0007281753355466539,0.34345593274156616,0.0021208216455845023
1988-01-31,-0.46211890686564994,0.005052838187963971,-0.46157884304588886,0.013056246988693704
1988-02-29,0.9687323931884342,0.00019183375482070434,0.9713255555666633,0.0007163570706651249
1988-03-31,-0.09042688237093371,0.0023966505593355824,-0.08648014149243106,0.006346367689412888
1988-04-30,0.40767419041498293,0.0006417094060037246,0.4063519411826257,0.002024651988240101
1988-05-31,0.21844387505999152,0.0009391553348944626,0.2225853532702263,0.002827338975212304
1988-06-30,0.5985781970216892,0.0003736424204816967,0.5971061844905656,0.0011650271392364235
1988-07-31,0.4672692215990216,0.0005323903147118109,0.4684885128324502,0.0016037730029904594
1988-08-31,0.028316686365091645,0.001556243685267429,0.029209719796858113,0.00432926361203378
1988-09-30,-0.41714627698272666,0.00446638681501497,-0.42024943037638923,0.011572600970636185
1988-10-31,0.9866750519396372,0.0001753438758096918,0.9901300883924101,0.0006757317754506586
1988-11-30,0.1612083845282964,0.0012844563747020578,0.16164217191711458,0.003695077206408032
1988-12-31,0.42958643725990514,0.0005759858164859123,0.4336539837752144,0.001735165160926358
1989-01-31,0.8531562202225749,0.00020065321720709212,0.8529114289590763,0.0006916313020025385
1989-02-28,-0.4850643448881485,0.0060302389928273996,-0.4839309010404648,0.015577858543481118
1989-03-31,0.021010091954684645,0.0019043751944703491,0.018033562032107885,0.005765903357753633
1989-04-30,0.21194305895492258,0.0010104130577524143,0.21244359837723387,0.003088990007744277
1989-05-31,-1.426822047508121,0.05116046992154055,-1.4311205072761624,0.09940993354181421
1989-06-30,-0.21621613701867892,0.008241397568209196,-0.21690128905013334,0.02666638839964769
1989-07-31,-0.22881376382714624,0.004436038445476883,-0.22893983017895322,0.014747335070298956
1989-08-31,0.2147747122367529,0.0011960811700794365,0.21686301187775903,0.00452048209894665
1989-09-30,-0.324261151715648,0.003753013376113513,-0.32826573036903667,0.01036762401101613
1989-10-31,0.215428531239773,0.0010707535628940279,0.21790055165712183,0.003443327833986273
1989-11-30,-0.04648912313127955,0.0018757931269430866,-0.04923393482733931,0.005242631228767971
1989-12-31,-0.16477919797733453,0.0024639785535148975,-0.16914164953517677,0.006779284731741202
1990-01-31,-0.06651201067315458,0.001935869315639468,-0.06951830592105386,0.005590284371192765
1990-02-28,0.7903432404001114,0.00024051719022936957,0.7950616255684274,0.0008563822713088262
1990-03-31,0.1585561807738463,0.0012097756357970552,0.15735994908420714,0.003439309689458026
1990-04-30,-0.17743817925286118,0.0025324569744990815,-0.17840615344298028,0.0069032078929379915
1990-05-31,-0.5593052399471654,0.006339962835614229,-0.5622943256691252,0.016763751366209056
1990-06-30,-0.20069298139505512,0.0031192557941421622,-0.202076497538944,0.00969747826971073
1990-07-31,-0.5114607421957553,0.005865692407992425,-0.5157249363524217,0.018651358022826567
1990-08-31,-0.5776435152593167,0.007367817743790892,-0.5905430187013904,0.027897801446220297
1990-09-30,-0.42715270390425764,0.005634283824295384,-0.43682916264842125,0.02703679448729025
1990-10-31,-2.2331297175121643,0.31070953624229913,-2.2309364227837296,0.37085267047460574
1990-11-30,-1.890233807174458,0.5848017832653325,-1.887277018929391,0.5380981638446117
1990-12-31,-0.41257861478918084,0.13531402897107403,-0.4165431227448906,0.24682094229457124
1991-01-31,-2.42732410259158,0.7987727664282154,-2.4215548850959454,0.6657458022106498
1991-02-28,-1.776960058325217,0.835697202758769,-1.7746993250715335,0.6810310218586056
1991-03-31,-1.0920531019801856,0.579023268754667,-1.0955263397199562,0.5284552471823664
1991-04-30,-0.6632136630401484,0.24391471887769675,-0.678140058778229,0.33710216042018837
1991-05-31,0.023855207484844834,0.028411127819305493,0.018580013311984216,0.10538579831551162
1991-06-30,1.1245544282521118,0.0004767089538021823,1.1277088846027943,0.005820810148925944
1991-07-31,-0.8832693107440355,0.020900125461235458,-0.8838842914435766,0.050965516670180934
1991-08-31,-0.3451351221726396,0.007160540019047077,-0.34274894116213245,0.023353956521075435
1991-09-30,0.6272659072035196,0.0005357176919286472,0.6255371091124875,0.0026890095270910193
1991-10-31,-0.7914616845107582,0.012805836279177665,-0.7981452369721862,0.03201881353268268
1991-11-30,-0.40084117659556595,0.006315150482786395,-0.4010685402979567,0.018932899935605558
1991-12-31,-0.1813453511679372,0.003246213761140035,-0.18073484739138235,0.010567583845824324
1992-01-31,-1.0377216822628081,0.02179574596431673,-1.0409395425629857,0.04984999487193884
1992-02-29,0.8354120577050156,0.0004884296323263244,0.8385701392916746,0.0023207378357968616
1992-03-31,0.2531670301879879,0.0010707170634164254,0.24843737949176023,0.0032525922114394427
1992-04-30,0.08986765127700025,0.001344220747580441,0.090821606516872,0.003904373866267681
1992-05-31,-0.4006904582792563,0.004317221317795765,-0.4053975862394703,0.011681215779346232
1992-06-30,-0.4113088564611632,0.004764875575697317,-0.41079285039132074,0.01285966571465217
1992-07-31,0.1944076537288909,0.001174139076131642,0.19990786528448062,0.0038324196390261077
1992-08-31,-0.2186734984876622,0.0028535918623991277,-0.22019388963048092,0.008007481523949539
1992-09-30,-0.40984811358043416,0.004490376748578048,-0.40905564936455796,0.012035748070729485
1992-10-31,0.061491030859354194,0.001599811728660083,0.058541982090418235,0.005058717022737231
1992-11-30,0.75770260355874,0.0002619116287733102,0.7600839088608737,0.0009421255318071463
1992-12-31,0.5983059437368665,0.00040749824215826236,0.5989325494629201,0.0012565958971603127
1993-01-31,-0.6773025865392199,0.009185716937214261,-0.6813561855869227,0.023393251700774626
1993-02-28,0.7385650190935538,0.000414331792154041,0.7361947188788746,0.0015816083946071564
1993-03-31,-1.1818201718174102,0.03342784488759165,-1.1876659632542617,0.0705786941229179
1993-04-30,0.6807976557601527,0.0009195140756933198,0.6828494920185376,0.003606324000920083
1993-05-31,0.759113677442786,0.0003112179177084545,0.7570395317788309,0.0010873204467966209
1993-06-30,-0.4642908149034259,0.00569218108718589,-0.4690284438031271,0.014772157346803948
1993-07-31,0.3744321051070346,0.0008159209030836583,0.3786721022360873,0.002655419057716216
1993-08-31,0.2174155260550394,0.0009938460274767497,0.2176815567064166,0.002938775045087831
1993-09-30,0.09227631148048354,0.001294014512282974,0.09001433208305112,0.003741619500597659
1993-10-31,0.21861227063573377,0.0009510067921659986,0.2131610391035225,0.0028910224349842396
1993-11-30,0.37722007396085505,0.0006366604136895999,0.3773295701610457,0.0019572015560592295
1993-12-31,1.2318684317847761,7.968136509402474e-05,1.2305877773801641,0.00028539813382271644
1994-01-31,-0.06496972011042887,0.002446999201780404,-0.06850974477317359,0.006907978048344494
1994-02-28,-0.5924013881884449,0.007155489370435574,-0.5931908364834053,0.01837975065406491
1994-03-31,1.1749357095460504,0.00013683113363645582,1.174533036058365,0.0005930018740855046
1994-04-30,0.8340132834090883,0.0002534913145546576,0.8331792002575842,0.0008149807516981794
1994-05-31,0.9341282149484949,0.00017764956120276876,0.9358546335020586,0.0005958345826288053
1994-06-30,0.15852702967457907,0.0012578367059244357,0.16379092178145968,0.0034646402917212363
1994-07-31,-0.0017469749127518568,0.0016346552084213022,-0.0016691033670655142,0.004550331617294036
1994-08-31,0.3171008505682249,0.0007618155060353346,0.3141385623606575,0.0022975776737516433
1994-09-30,0.3693205700804959,0.0006578835790192109,0.36785473049496503,0.001942593555941062
1994-10-31,1.0874872312469344,0.00011037706357963463,1.0905585433994414,0.0003911741179501584
1994-11-30,0.22982217774643157,0.0010972177174250974,0.23495300803944527,0.0032114235080395043
1994-12-31,0.6353612241809254,0.0003528878864622315,0.6365717137212205,0.0011253574024427265
1995-01-31,0.3043867368031675,0.0008086644920854712,0.3064272072829108,0.0023738490431927735
1995-02-28,-0.3280228140546624,0.003631303151718169,-0.32587085639316643,0.009541508597151247
1995-03-31,-0.23949003580919054,0.003107930264135982,-0.24332564795367417,0.008674439299033315
1995-04-30,0.07111308265571174,0.001459733938306508,0.07054180968893965,0.004361985826557672
1995-05-31,-0.7249904535197005,0.009305968695091173,-0.723532689246435,0.0237309272842172
1995-06-30,0.3755128263602309,0.0009366962027980164,0.3777792266917612,0.0032926170526152636
1995-07-31,-0.08393689089512253,0.002122719909237089,-0.08410187482150319,0.006122374383748283
1995-08-31,0.5468031693867137,0.0004488284336143314,0.5491504807120831,0.0014692542052934469
1995-09-30,0.2725244654000607,0.0008600106884103832,0.272092382078983,0.002569681257990659
1995-10-31,-0.04219440851620618,0.001820402191532422,-0.045580216211885655,0.00504805575324744
1995-11-30,0.03842000300843167,0.0014602395484858504,0.041789060427117226,0.004315515770418367
1995-12-31,-0.07888928820913269,0.0019462370536442244,-0.0807462938377134,0.005717886461118468
1996-01-31,-2.360863329479937,0.34112963027014226,-2.3867005280979345,0.39481841947564417
1996-02-29,2.6921996794617153,6.0565678014642084e-05,2.6943943089672078,0.0003047216677239179
1996-03-31,0.2938666322676649,0.0017894633104572953,0.29844069598428463,0.005141726240731183
1996-04-30,0.03634528988387963,0.0017465384753680806,0.033947927817889696,0.005003509416032359
1996-05-31,0.8959354504160546,0.00019542856988908936,0.8956072166109224,0.0006725816799730053
1996-06-30,1.1050700025346298,0.00011623133550044545,1.1063540640799503,0.00040223464316883266
1996-07-31,-0.7660086735955833,0.013475591076117021,-0.769949127847019,0.032512276364193564
1996-08-31,0.2682807401157838,0.0014344094795584368,0.26783916902293436,0.004825415660425215
1996-09-30,0.4735759657913494,0.0005769280956050925,0.4714056806450766,0.0018423266605224055
1996-10-31,-0.4883702306660338,0.005633840909333786,-0.4861638848946649,0.01430408324064108
1996-11-30,0.6825419613750705,0.0003917201121242449,0.6840723894467371,0.0013855954587087646
1996-12-31,0.8703335926443904,0.0002036545968574002,0.8768905025341518,0.0006625778274646597
1997-01-31,-1.0289424062942205,0.023597091407722967,-1.033744127877148,0.054164540321442134
1997-02-28,2.103393261457496,3.2756845134614394e-05,2.1069817150048005,0.00018057062378594915
1997-03-31,0.46761506884480075,0.0009086375089421088,0.4682525594818708,0.002736102632362615
1997-04-30,-0.8094352047825069,0.013071324079209367,-0.8148392351627887,0.03096374909095571
1997-05-31,0.20745806827942737,0.0015793656128359301,0.2096535794639014,0.005409416799440523
1997-06-30,0.4317246329245694,0.0006325002264934316,0.42689036353704235,0.0020805204287962487
1997-07-31,0.06367313581096135,0.001430919149854668,0.06488135519601486,0.0041717495210401405
1997-08-31,0.6368326220250667,0.00034954014987314354,0.6374604118745703,0.0011409285630086241
1997-09-30,0.25139028778175787,0.0009188725969288287,0.2543185185133219,0.0027343648364848766
1997-10-31,0.5615082789621475,0.00041070512258893676,0.5591813419824958,0.00129436938814457
1997-11-30,1.4553924299683145,4.605821307709817e-05,1.4559580729940858,0.00018083843784852372
1997-12-31,0.1850224923094851,0.0014287079889613917,0.18211292707502016,0.004062924142097382
1998-01-31,0.6333463292344497,0.00037143031957023455,0.6380618015109613,0.00112610657240415
1998-02-28,0.7572810610868936,0.00026211572821109596,0.7634093861281824,0.0008264827045459096
1998-03-31,-0.7068847367581559,0.010353770468144476,-0.7117393720688823,0.02550908080708349
1998-04-30,-0.33120133781188643,0.004992647659724675,-0.3343563888112307,0.014592199953868719
1998-05-31,1.3893565051741503,7.730228331234349e-05,1.3888904656398173,0.0003765831156928568
1998-06-30,-0.12289957809099497,0.0030634114132146477,-0.12399906212203544,0.00796562140839483
1998-07-31,-0.325323936380128,0.003910292913642409,-0.3245796767728523,0.010336529892249546
1998-08-31,1.16661000661726,0.00011396950901384684,1.1692613134659724,0.000500001025892648
1998-09-30,-0.834137515305988,0.016271645840532922,-0.8364365763494601,0.03846978799036051
1998-10-31,0.6236461193409322,0.0007020893309561345,0.6217640988037824,0.0028225766869513463
1998-11-30,0.019983226900999004,0.0017711062619774208,0.02125162285643757,0.005023305685808621
1998-12-31,0.46164677512210095,0.0005386069241930479,0.4630025899394402,0.0016928612197847262
1999-01-31,-0.09155640184268612,0.0020530896413504217,-0.09201274052944937,0.005813215428319039
1999-02-28,0.7102497459175785,0.00029510355068137985,0.7130660723680882,0.000999513822731211
1999-03-31,-0.42442434907944926,0.00498715826183754,-0.4222539642069733,0.012731278842018846
1999-04-30,-0.12478028377090322,0.0025534002871402603,-0.12666566297831175,0.007273216078614806
1999-05-31,0.43214474910439027,0.0006115741503680546,0.42963499231019703,0.0020184877273555896
1999-06-30,-0.05247963996985543,0.0019048512048237098,-0.05208572694835188,0.005240620672879935
1999-07-31,0.5362521273889951,0.000444911322558596,0.53882387581023,0.0014219702504579283
1999-08-31,0.30929199148796704,0.0007876924439933872,0.3079211024274137,0.00238067410638326
1999-09-30,-0.7322600500598377,0.0099062467747872,-0.7336184112535714,0.023770388478156823
1999-10-31,1.2771531091203392,0.00012077774465302141,1.2823483393394606,0.0005400927680414758
1999-11-30,0.5206129824235672,0.000590972392525105,0.5180111443299769,0.00176297334584395
1999-12-31,0.43510420699560737,0.0005878712950817478,0.43662719043015835,0.0017337729533109904
2000-01-31,0.4912182026654947,0.00048495541680202466,0.4956060086607017,0.0014816054022916284
2000-02-29,-0.020482824874817708,0.001746552614698595,-0.01957595738139742,0.004814811056017939
2000-03-31,0.41934465516986563,0.0005926902190677732,0.4199632648617708,0.001751948062248671
2000-04-30,0.8208691503229804,0.00021745945959708688,0.8206424677488362,0.0007037383160654584
2000-05-31,-0.1567138269099817,0.002645786705956962,-0.1526161974781602,0.007258282020883543
2000-06-30,-0.18377185715118033,0.0026861287055194734,-0.1895860218436494,0.007417126205071471
2000-07-31,-0.2638179232716189,0.0031829056609542633,-0.264931496221911,0.00885701736862804
2000-08-31,-0.5463966618634359,0.006240816118704316,-0.5481350494630428,0.016783302995905986
2000-09-30,0.23532144167229607,0.0011237512196340667,0.23873351342377744,0.0038872359402039587
2000-10-31,-0.3587804932742603,0.0040605079566972315,-0.362977210173695,0.01115226545551129
2000-11-30,-0.28811694198140525,0.003531133542340037,-0.2933064683775072,0.010460607947722245
2000-12-31,-0.9996779931701851,0.019156552054838225,-1.0035605944407544,0.04483487563860538
2001-01-31,0.007160106604107597,0.002810318166137596,0.007810761869386059,0.010956969147811297
2001-02-28,-0.7894273641585928,0.012582387851064969,-0.7940322488374998,0.03430753147968918
2001-03-31,-0.2717163545754551,0.00462497429343203,-0.27710927674634517,0.017640434594173696
2001-04-30,-0.7514500308071475,0.011434804566364965,-0.757622032576627,0.03711063527432354
2001-05-31,-0.4567859448317225,0.006667214781591239,-0.4615422923449861,0.029781857405123027
2001-06-30,-0.9500640823794098,0.01944463202363752,-0.9632908293984216,0.06564305227391176
2001-07-31,-0.9501801984813009,0.024075933327160706,-0.9591923031214319,0.09329221948745534
2001-08-31,-1.087985377289081,0.03912751165313898,-1.1053827895350992,0.13997623771100534
2001-09-30,-1.3107221309427395,0.0810272525251515,-1.3259277171531105,0.2164074542606555
2001-10-31,-1.2480155800922172,0.10080765055766071,-1.2560455048518255,0.2576696200257356
2001-11-30,-1.2381782689976397,0.1276419716569169,-1.2480788154098332,0.285260261492313
2001-12-31,-0.34322681643875297,0.026993079712475693,-0.34504133449216356,0.12788911017782087
2002-01-31,-0.3249523853646301,0.011022808202176845,-0.3281275328922302,0.07127074071722107
2002-02-28,-0.23024604618378047,0.00527874987132443,-0.23263436565080448,0.03658883914346407
2002-03-31,0.4103597091764155,0.0008692385353693262,0.41419296465168054,0.0073769036007489686
2002-04-30,-0.28492565646390694,0.003646744150170881,-0.28433033117080314,0.012653834364711895
2002-05-31,-0.6266369647437071,0.00794070847057169,-0.6215445905261009,0.023073042020605204
2002-06-30,0.02190775656276236,0.002006823746182519,0.02067146845260197,0.007703002274599491
2002-07-31,-0.7914274654377103,0.011619839305963445,-0.7925321575881297,0.030699486724312983
2002-08-31,-0.4473394502362726,0.006621004129681963,-0.44806561445713816,0.020802033806471294
2002-09-30,0.10874699002807198,0.0016474665690549561,0.10806728825952595,0.006408778200842412
2002-10-31,-0.7576523496143543,0.010885498305081794,-0.7591283973880519,0.027342986467714676
2002-11-30,0.018035202763324737,0.002221360948807842,0.01896211796940254,0.008036627695395624
2002-12-31,-0.8796880824272044,0.014959333610411778,-0.8828573453520947,0.03608054755460553
2003-01-31,0.1391020889592643,0.0019221783609964657,0.13872362362063578,0.007408598121909501
2003-02-28,-1.0899789519863807,0.0251229356367992,-1.0888080689527935,0.057084917296056144
2003-03-31,-0.3201727162291824,0.006858797415203613,-0.3171019417484581,0.022750264134185908
2003-04-30,-1.031580684985724,0.025143137819566525,-1.0324139258563811,0.06180361405616051
2003-05-31,-0.2240617062247684,0.005885173679350689,-0.22126107683779214,0.021700821034900668
2003-06-30,-0.04026757807892106,0.0024991074118415344,-0.039916821572722326,0.00945514472640124
2003-07-31,-0.34255921490627905,0.004061811204277997,-0.34421843996461343,0.012825739811971784
2003-08-31,-0.6205045731186961,0.008017267675930136,-0.6196663322532535,0.021742720052488573
2003-09-30,0.4693074567224983,0.0007123334203621538,0.470360398509375,0.002886901935926612
2003-10-31,0.34051831605783545,0.0007517252810972227,0.3468284795752972,0.0023172846760432303
2003-11-30,0.5509387045694711,0.0004221717747727987,0.5468019920697104,0.0013944336695784498
2003-12-31,-0.608019644533683,0.007567360528986901,-0.6134172788374117,0.019222209371308516
2004-01-31,-0.4580762106186924,0.00596879685908569,-0.4559635629923397,0.016382860048031477
2004-02-29,0.02623048008583693,0.0019070763829510228,0.023459591418491486,0.006298987322954962
2004-03-31,-0.14483478981392756,0.0023751677911242543,-0.14090800045348992,0.006956740535818289
2004-04-30,0.49021582596598523,0.0005104019201339646,0.49086777200930903,0.0017210510647477052
2004-05-31,0.9715743106788581,0.0001502799335027527,0.9723118707048543,0.0005297532277993347
2004-06-30,-1.0542753688379285,0.02598270912596025,-1.056546546721986,0.05514160198237828
2004-07-31,0.35051830472495105,0.0016484715450266992,0.3475779396609094,0.005935563624071176
2004-08-31,0.34295656198828006,0.0008329323746877671,0.3463624363633067,0.002636075635394693
2004-09-30,-0.052768445357983446,0.0019033520400267264,-0.05567196571076997,0.00532397996928294
2004-10-31,0.7071096654749602,0.00029821329608062386,0.7077822438758204,0.0010250115308692792
2004-11-30,-0.41018189405620675,0.004842784840533939,-0.410606193373037,0.012983797996174967
2004-12-31,1.1838911081273813,0.00011706502800186063,1.183074085432128,0.0004861180602940588
2005-01-31,-0.6384013700723379,0.009943750888115385,-0.6325416092907015,0.024790206768298816
2005-02-28,0.2040001018426561,0.0014906981099900136,0.20274758789201205,0.0048994273211312
2005-03-31,-0.08551473228514833,0.0021282164117552077,-0.08211786555087537,0.006051770048640734
2005-04-30,0.811878676873408,0.00023331579171866537,0.8122096996617876,0.0008501592449697868
2005-05-31,-0.1567087019942802,0.0026450186785458704,-0.1533147264471077,0.00726331628976584
2005-06-30,-0.14095080845189617,0.002351089004567942,-0.13587196249095387,0.006538569023676138
2005-07-31,-0.16271494848853574,0.002425471369559315,-0.16179990374865486,0.006896143203729717
2005-08-31,0.05576968228454146,0.0014637477074524634,0.05234853426316984,0.00437051828659669
2005-09-30,-1.3509034063282073,0.04218790572740037,-1.3552353368469714,0.08413484990757908
2005-10-31,0.7169829700443444,0.0009697131703805793,0.7171556329315667,0.003872757681946589
2005-11-30,0.5133745674893672,0.000580577498381783,0.5169879612929705,0.0018870939189449274
2005-12-31,0.2824088392133575,0.0008538730489676381,0.28656445967237965,0.002489983008986995
2006-01-31,0.3926822281368183,0.0006098093925686033,0.3970925160561132,0.0018799629264793177
2006-02-28,-0.01745431976255033,0.00169291113461063,-0.016772292522991807,0.004816860407877048
2006-03-31,0.3351352394155087,0.0007090715139028846,0.3323609661294947,0.0022263081854928548
2006-04-30,0.35663369849463145,0.0006689279234935155,0.35861073570894775,0.0020290479843331523
2006-05-31,-0.4836599327858769,0.005331725859733685,-0.48531270656576875,0.013911700458450041
2006-06-30,0.0026969453046723213,0.0018813040307718038,0.0015897706446888005,0.005610363248649071
2006-07-31,-0.12459576326074251,0.0022704564347689115,-0.12479390551905682,0.006460544715209788
2006-08-31,-0.22723072064421634,0.0028696632803182033,-0.23091858570441345,0.008124133802229037
2006-09-30,-0.4278626866364217,0.004719886176519033,-0.43300391287768486,0.012712690043495125
2006-10-31,0.1241739148184966,0.0013673681654386505,0.12472033959908232,0.004429468766464908
2006-11-30,0.019623710079000052,0.0015943293388067862,0.024312261610734222,0.004534227685845603
2006-12-31,0.5734461370238051,0.00040027292849795324,0.5744783212428922,0.001335029312349835
2007-01-31,0.503198889778155,0.00048377303326612223,0.5061845552873624,0.0015120920398038848
2007-02-28,0.21671496523065312,0.0009787462273868187,0.2161412139085263,0.0029020335617585134
2007-03-31,0.26639920243172044,0.0008338413784699551,0.2681151331885273,0.002459476824386034
2007-04-30,0.055404810957509085,0.00140142279403579,0.054211197641700064,0.004079661569914274
2007-05-31,0.06660620576566896,0.0013774551627364654,0.06453413342074338,0.00394591926236932
2007-06-30,-0.10032079751331502,0.0020404210759915825,-0.09945865951655548,0.005656292159990432
2007-07-31,-0.43136019072560317,0.00464252847925024,-0.4311346992973349,0.012098061148501761
2007-08-31,-0.3051955803807243,0.0037868797927365448,-0.3117949956114769,0.01104716517724555
2007-09-30,-0.022934959844814824,0.0019068439311683053,-0.025537745006360704,0.005793798687419048
2007-10-31,-0.4364034284922629,0.004747783121307135,-0.4377620023535725,0.01321642790370003
2007-11-30,0.1868262144710561,0.0012030983833544587,0.18270398922427494,0.004325648668861827
2007-12-31,-0.41880806920761426,0.00454594631833939,-0.42744442213923883,0.014517644217605638
2008-01-31,-1.1882850631352373,0.029728296757924422,-1.2065856109096098,0.08020931366550098
2008-02-29,-1.0271875409750668,0.034396019749330806,-1.0414319999183275,0.11272391420464326
2008-03-31,-0.6541396068702234,0.018184569746877335,-0.6653498495603056,0.09446138133107974
2008-04-30,-1.270462936819949,0.061559751481819754,-1.2829716150612025,0.18572675285785215
2008-05-31,-1.1971927661282171,0.08567967981645394,-1.1973973791602597,0.23542516098006938
2008-06-30,-0.9815136358644843,0.07846195953779297,-0.9838685167195719,0.23023913536964316
2008-07-31,-1.3998466375740755,0.18684545381985612,-1.3963271624789357,0.3262452507498452
2008-08-31,-1.7292189923779804,0.45515255682860595,-1.7237577569269962,0.47249301778695796
2008-09-30,-3.2388060875410516,0.9806057064123681,-3.244598381595792,0.9178234587291684
2008-10-31,-0.7375855304635217,0.46919769632689634,-0.7267459173905871,0.47116010327923524
2008-11-30,-3.1524397667311983,0.9835362184954426,-3.15496077440109,0.9412839483125589
2008-12-31,-3.990649117749358,0.9995617220486128,-3.992977006839487,0.9982839815657314
2009-01-31,-4.0381987240749275,0.9996983812595641,-4.039736798913218,0.9990998378569899
2009-02-28,-2.682688991678428,0.9908099583175225,-2.681533269345252,0.976167255170542
2009-03-31,-2.643805521876071,0.9928497347578727,-2.6473458572465263,0.9824629926239172
2009-04-30,-2.405168110676805,0.9882612699821299,-2.411060172209283,0.9714477972178797
2009-05-31,-2.1364760257616995,0.9777085200422282,-2.132170405689384,0.9433159320968539
2009-06-30,-1.4506889652339023,0.8912259342199914,-1.4448963108473019,0.7913544832078143
2009-07-31,-0.09148027110367549,0.1807043296267304,-0.10055256539034702,0.2690106072277439
2009-08-31,-0.10475796775525535,0.032362777238528685,-0.1072534864132246,0.1076548947684108
2009-09-30,-0.2466942699825445,0.011022749101446508,-0.25207493682828946,0.0565653698872627
2009-10-31,-0.5732544199221263,0.011792687486809068,-0.5726040083893839,0.051966253859664774
2009-11-30,0.5435170598194445,0.0007998861815511791,0.541669412662992,0.007287274689195155
2009-12-31,-0.0025732206630318995,0.001946085196243888,-0.004466883330785082,0.0071264426252852725
2010-01-31,-1.292118178495616,0.03768785143139731,-1.2988363436932975,0.08578755455902277
2010-02-28,-0.841246830555554,0.026877046379592717,-0.8415365024467711,0.07598803976779574
2010-03-31,0.6027663689297688,0.0010826912647974698,0.6025450679206196,0.0062817933940132915
2010-04-30,0.8473788181264723,0.0002597100298254104,0.8507667829963207,0.0010654824076146766
2010-05-31,1.1000405668505226,0.00012052127390767135,1.1030901151640111,0.00044567893744324903
2010-06-30,-0.8018141262704215,0.01471134428660158,-0.8048875193422644,0.03475712543259834
2010-07-31,-0.09479015913948016,0.003350844410328325,-0.08989418400066954,0.010694571800077629
2010-08-31,0.0367852341362461,0.0017751069682145609,0.035030771505690825,0.005659149484807389
2010-09-30,-0.39493119775243823,0.004440294383506483,-0.3977610725066634,0.011722332969995683
2010-10-31,0.07425914284755111,0.0015308837698799268,0.06998420934734784,0.004893318454387276
2010-11-30,-0.27566694070357045,0.0032615771097457896,-0.27123223540057667,0.008782734987183204
2010-12-31,0.7104409346452096,0.00031899669747030985,0.7108709221562983,0.0011533799209196265
2011-01-31,-1.0518563108050187,0.023655595436812726,-1.0570785456483103,0.05408467961941844
2011-02-28,-0.10440846078245458,0.004232842067808641,-0.1031330370319649,0.013821563162190588
2011-03-31,0.8742769514671223,0.00026592630995895573,0.8793937895863873,0.0011026855885846519
2011-04-30,-0.20837345702059562,0.0030980769404922517,-0.2071774012079959,0.008558225440004957
2011-05-31,-0.25214034858868606,0.0031786644446180554,-0.24677376305908677,0.008815640588513064
2011-06-30,-0.4346475198962846,0.004903885199684937,-0.4400355183858933,0.013202895455071782
2011-07-31,0.3184686680351374,0.0008740792464272649,0.32122006764358135,0.0029858082726164146
2011-08-31,-0.29130671124403357,0.0034584855517640267,-0.29430918058389305,0.009885822109899575
2011-09-30,0.05263720108786688,0.0015539366125250837,0.05084434626886241,0.004628851338937675
2011-10-31,0.500991299875644,0.00048551410064809705,0.500448238541763,0.0016275100725043996
2011-11-30,-0.30478235857792113,0.003535650923753972,-0.3013824981782038,0.009632615913385913
2011-12-31,0.44264831510969327,0.0006202227485036753,0.44258227848230514,0.0019348483433516955
2012-01-31,1.1377924719788655,0.00010269464510101443,1.1386355680351088,0.0003673112515072846
2012-02-29,0.564034521106233,0.00047874201027732217,0.5707346404940264,0.0014467613020161718
2012-03-31,-0.40541037762423543,0.004711103043084357,-0.4100398524580428,0.012053638311266122
2012-04-30,0.3577062030199628,0.0008008768151744118,0.35490185475566194,0.002618248030932467
2012-05-31,-0.5291062060828696,0.0061430056450215015,-0.5325333000028372,0.01638117033669407
2012-06-30,-0.2664381598150224,0.0036540176435836203,-0.26977793688548385,0.010762032206650904
2012-07-31,-0.3292650307472205,0.003976218451782899,-0.33053662146568974,0.011249184613971886
2012-08-31,-0.5798440728179968,0.007100318516514164,-0.5793632498418664,0.018869335154523995
2012-09-30,0.1496733385081115,0.0014435997228762312,0.14820091560545826,0.004822934203365529
2012-10-31,0.09277599235435038,0.0013508701449326367,0.08929571816945402,0.004072516022563418
2012-11-30,0.5001484216052055,0.0004806739855004153,0.5011031961767249,0.0015540965730635287
2012-12-31,0.8883884854059017,0.0001824203735746013,0.8924306863544453,0.0006125270639574975
2013-01-31,-1.2298706308241596,0.038063756312516586,-1.2362442860932534,0.08381700833632194
2013-02-28,0.3599853284389213,0.0020506110761773924,0.35949468722736055,0.008205908860839313
2013-03-31,0.17849218799588534,0.0013459999829813695,0.17608669279295816,0.004284898934387549
2013-04-30,-0.27093508617136003,0.0032771824816550817,-0.27279330637746135,0.008990767476916482
2013-05-31,0.12272942502390961,0.0012973601632893976,0.12118400465915807,0.0039466700256709526
2013-06-30,0.29878411714720393,0.0007841022292711631,0.2989048120225373,0.0024027344846534455
2013-07-31,-0.6491566573809511,0.007996102994804442,-0.6460066899199992,0.019522698029622598
2013-08-31,-0.020403872037802404,0.002188163776837462,-0.023211805026536393,0.006886248528237765
2013-09-30,0.19955397182326023,0.0010773974510120228,0.1950058305448227,0.003467454475975319
2013-10-31,-0.30736203102634396,0.003446683425801446,-0.3089076693495108,0.009350877331361883
2013-11-30,0.3043010102854806,0.0008407918603451172,0.3058370974919133,0.00265883856494321
2013-12-31,-0.2880452504498966,0.003349559631145538,-0.2919963586439711,0.008950595007431478
2014-01-31,-0.052675911766598076,0.0019493989355884897,-0.05003674244527249,0.005619437273502356
2014-02-28,-0.002232348924610203,0.0016336978804781972,-0.0027695243482755167,0.00499009901166208
2014-03-31,1.2245382555024324,8.458708313449611e-05,1.2279109472799683,0.0003213600001851729
2014-04-30,0.3614317678894643,0.000835566160451261,0.36409147000879916,0.002403369279261378
2014-05-31,0.07884911978243872,0.001383576307576042,0.08340988619688286,0.0038243574156289076
2014-06-30,0.10550307208817011,0.0012639496361832652,0.10323421083672006,0.003474425323923681
2014-07-31,0.06787428122152935,0.001345547853006477,0.06862448176565682,0.0038765106629083473
2014-08-31,-0.18166004081339696,0.0024948726904384586,-0.18435210424860343,0.006971075291128972
2014-09-30,0.23839337424350862,0.0009494533643638955,0.2384510395670712,0.0027698630419773287
2014-10-31,0.16759027486952366,0.001067612487650942,0.1723913995100238,0.00303658361448651
2014-11-30,0.5980955197888309,0.00037064773994730405,0.60080967415537,0.0011929061362882913
2014-12-31,0.19078408314024345,0.0010625241444687124,0.19301847788655413,0.002952415295261369
2015-01-31,-0.189511604240653,0.002537075785366243,-0.187004514976144,0.006805723215143676
2015-02-28,-0.2744059935769134,0.0031706679809694518,-0.27574016271349894,0.008920026021757437
2015-03-31,-0.8424292054340407,0.012989006143979121,-0.8487557325034999,0.03100439156708477
2015-04-30,-0.5720685063258533,0.009154154891702694,-0.5734077032283634,0.024952986446046613
2015-05-31,-0.08366077787562827,0.0028273287367639307,-0.08673057980564472,0.009581907951258389
2015-06-30,-0.37734259186325325,0.004509011060573893,-0.3810471884040527,0.012958861523144719
2015-07-31,0.33156812955962245,0.0008470594778927751,0.3306581862647205,0.002964311059475154
2015-08-31,-0.14579889986510708,0.0023305347477277404,-0.13996225617543664,0.006655121529804664
2015-09-30,-0.6353057953544871,0.007688555912693622,-0.6375916819327722,0.019365401231476613
2015-10-31,-0.07689186959245439,0.0024402043294491785,-0.07467843842452059,0.007714283870600278
2015-11-30,-0.38845304140913295,0.004428053628712873,-0.3879790717376037,0.012199420761472632
2015-12-31,-0.13077487236141483,0.0025043718624621313,-0.12853523222672947,0.007394795138899984
2016-01-31,0.22778661866153455,0.0009722289300544521,0.2273265778315347,0.0032828160483475742
2016-02-29,-0.6159750699344918,0.007355714787975956,-0.6191382815552767,0.019132569122908467
2016-03-31,-0.7724358014067643,0.012559937386520625,-0.7741827276444793,0.030873489329206544
2016-04-30,0.17169438696316697,0.0017088128549630427,0.17239505763105623,0.006097526575251823
2016-05-31,-0.7657033610128318,0.011418003451565403,-0.7624569572826503,0.027862481817966987
2016-06-30,0.3088711770500558,0.0011969154692408241,0.30814939222610455,0.004243404036304312
2016-07-31,0.365558428114794,0.0007120820304634512,0.3682635811665156,0.002278055227894121
2016-08-31,-0.4469065208902625,0.004941932104273662,-0.44650757616799036,0.012783774805037434
2016-09-30,-0.5216878983983857,0.006452013026956387,-0.5234530717950123,0.016532540176919727
2016-10-31,0.1010723574179699,0.0015978941693821044,0.09923251841998448,0.005116970425781312
2016-11-30,-0.27437624916798153,0.003267084215866003,-0.27152573024215815,0.008939342302876362
2016-12-31,0.38463434913077543,0.0006967223839753844,0.3867740053162506,0.0022269980644847864
2017-01-31,0.005188038856527896,0.0016355373608725689,0.006549970053894781,0.004652853784792907
2017-02-28,-0.13943185274938333,0.0022948227618905053,-0.1419224402607334,0.006265183980266678
2017-03-31,-0.13191351741471075,0.0022584490448337123,-0.13348253065966162,0.006381736848745845
2017-04-30,0.7262213963062332,0.0002885453531733162,0.7275614141747917,0.001019703206255118
2017-05-31,-0.24438762821284654,0.003273364262458803,-0.24373742997949674,0.008717978080898083
2017-06-30,0.04041371718309429,0.001588531749313833,0.03637959556952956,0.0045891034291057784
2017-07-31,-0.0617454961872656,0.0018882638250028259,-0.0609011913887886,0.005300801378578172
2017-08-31,-0.38658635181306544,0.004133392947203751,-0.3883733448356411,0.011003584211772404
2017-09-30,-0.4666302962510978,0.0053516474150962536,-0.46619703852648653,0.014285593370910676
2017-10-31,0.8498728617733249,0.0002620706159070171,0.8521720332651945,0.00102395337833351
2017-11-30,0.13677393048117875,0.001309439622121463,0.1386427792262312,0.0037628497261372185
2017-12-31,0.2160120074048959,0.0009636772305438659,0.22103038292140967,0.0027661203774293763
2018-01-31,-0.24293378704221844,0.0028888529185048554,-0.24171558483197647,0.007788481594539672
2018-02-28,0.5758122469133446,0.00042588358218487193,0.5770065236836183,0.0014341692865351562
2018-03-31,-0.0686088566014995,0.0020261037076997725,-0.06840754484004745,0.00553050564881562
2018-04-30,0.5805799515286045,0.0004096507976256916,0.5793943104997894,0.0013337161043093502
2018-05-31,-0.5445802075671611,0.006475228934336674,-0.544785093640709,0.01679421481557312
2018-06-30,0.37039918441115205,0.0008487745861229187,0.3690785034134501,0.002820634423040859
2018-07-31,0.06536920889424098,0.0014486738163007413,0.06471355961563216,0.00412231347428963
2018-08-31,0.3314950678631057,0.0007159719278182679,0.330653057372458,0.002256240860741921
2018-09-30,-0.41967837246021694,0.0046513385566641155,-0.42396388331027474,0.011688840766183619
2018-10-31,-0.19577074261568977,0.002869554476235985,-0.19544256998873327,0.008241806499892545
2018-11-30,-0.17551874562246245,0.0026671072152393348,-0.1748576997759551,0.007466601236406948
2018-12-31,0.2334564716405411,0.0009770975189370755,0.23017407176513108,0.0030615947505398516
2019-01-31,-0.46602039469433704,0.00506537747219277,-0.4621158280697025,0.012855320040129048
2019-02-28,-0.6964153584885182,0.009386933165874432,-0.6928347052333262,0.023780877785086703
2019-03-31,0.14303863264988667,0.0016240749673162793,0.1451221886706425,0.005457294179358487
2019-04-30,-0.29279079037050537,0.0035117339685081664,-0.28944986495596464,0.009701487638019578
2019-05-31,-0.4776051959533276,0.005491699046467423,-0.47751838576540323,0.014978543078273576
2019-06-30,-0.16617811795138412,0.002841352121520733,-0.1668319408626997,0.008488322094648322
2019-07-31,-0.6256799899492753,0.007780101230526297,-0.6280905802133475,0.02028385764893411
2019-08-31,0.3006679080343257,0.0010416389897578912,0.30085745591135443,0.003736554157971508
2019-09-30,-0.2424728562536127,0.0030841425828283834,-0.23913839453387292,0.00828333857741422
2019-10-31,-0.4757622324150643,0.0053822986104344215,-0.4766212150363142,0.01389534425746771
2019-11-30,0.07894735337373562,0.0015513566227716516,0.08051098945865263,0.00496723139678731
2019-12-31,-0.6408214799763531,0.007870629938461137,-0.6384016102647676,0.01960601593872115
2020-01-31,-0.38090564180462944,0.0051505270660011345,-0.38461657141495603,0.014334264926319147
2020-02-29,0.5875548708199103,0.0004930771532224632,0.5872880779760096,0.0018498493877179684
2020-12-31,0.13853219904571273,0.0012465888289409435,0.13595679066407204,0.003819480939739
2021-01-31,0.4724075313035519,0.0005266696487218435,0.47251846051318636,0.0016707084744884012
2021-02-28,-2.122390786519097,0.243322320183939,-2.147695915666352,0.32767873580871687
2021-03-31,3.288661204492528,1.19643421953654e-05,3.291682260634497,7.947896695363576e-05
2021-04-30,0.3968795906297344,0.0017751764612504582,0.39365727514895005,0.005092774926574546
2021-05-31,0.6498329804692116,0.0004060839786221075,0.65671072921215,0.0012787650941001722
2021-06-30,0.25444167276138147,0.0009368517110356411,0.25330876121114254,0.002686328294506358
2021-07-31,1.2704040306829218,7.222840563292349e-05,1.2748975035126604,0.0002699825547609047
2021-08-31,0.1773615934376488,0.0013471861579457253,0.17518183102076135,0.0038649921259111546
2021-09-30,-0.44783555043631434,0.004897296151479928,-0.44310073983388304,0.012448562250894015
2021-10-31,1.4899135516056918,5.768824314126707e-05,1.4926728102454598,0.00025484328251996905
2021-11-30,0.4742909282955301,0.0007082351828786238,0.47278074037102624,0.0021238249629973523
2021-12-31,0.011656819010991554,0.0016669041079736308,0.012122061651916661,0.0045624667138804515
2022-01-31,-0.16673481086381162,0.002435486450253298,-0.16645601753599226,0.006855566826950962
2022-02-28,1.0086137403588504,0.00014607857041353081,1.0133504255182468,0.0005480607596763796
2022-03-31,0.8079393436267046,0.0002544163798148433,0.8093122608827019,0.0008263018525205907
2022-04-30,0.561327785743006,0.00044614818685189653,0.5614515206277852,0.0014014593781413696
2022-05-31,-0.17513270874060027,0.0026768584398087353,-0.1788469579829579,0.007241286950287888
2022-06-30,-0.5106897874246692,0.0058551550683630105,-0.5162414082653056,0.014938104629960145
2022-07-31,0.5376403179165621,0.0005355549861118579,0.541748144461966,0.0019460681651053589
2022-08-31,-0.11950937433784278,0.002316646261663043,-0.11939864750492314,0.006409513778714985
2022-09-30,0.24374819419729576,0.0009329569230274726,0.24453768965343706,0.002837469382799053
